date,open,high,low,close,adjusted_close,volume
2025-11-18,12.35,12.45,12.35,0.0,12.35,2017800
2024-12-31,10.9,11.4,10.9,11.4,10.01,3298900
2024-12-30,10.95,11.0,10.8,11.0,9.66,1462900
2024-12-27,11.0,11.1,10.9,10.95,9.62,2746100
2024-12-26,11.05,11.05,10.85,10.9,9.57,1517000
2024-12-25,10.85,11.15,10.8,11.0,9.66,4785000
2024-12-24,10.85,10.9,10.75,10.9,9.57,949800
2024-12-23,10.7,10.85,10.7,10.85,9.53,1954100
2024-12-20,10.75,10.75,10.65,10.7,9.4,1913300
2024-12-19,10.7,10.75,10.6,10.75,9.44,2498700
2024-12-18,10.8,10.9,10.75,10.85,9.53,1676000
2024-12-17,10.9,10.95,10.8,10.8,9.48,1031400
2024-12-16,10.9,10.95,10.8,10.9,9.57,1649600
2024-12-13,11.25,11.25,10.8,10.9,9.57,5802200
2024-12-12,11.25,11.4,11.15,11.25,9.88,3220700
2024-12-11,11.25,11.4,11.0,11.3,9.92,4955400
2024-12-10,11.1,11.2,11.0,11.2,9.84,5501200
2024-12-09,10.85,11.15,10.8,11.1,9.75,6175800
2024-12-06,10.8,10.9,10.7,10.85,9.53,3037400
2024-12-05,10.65,10.85,10.55,10.85,9.53,3290400
2024-12-04,10.8,10.8,10.65,10.65,9.35,3862500
2024-12-03,10.7,10.85,10.6,10.8,9.48,2496700
2024-12-02,10.8,10.8,10.7,10.75,9.44,1594400
2024-11-29,10.5,10.8,10.45,10.75,9.44,6418600
2024-11-28,10.5,10.6,10.45,10.5,9.22,2074200
2024-11-27,10.55,10.6,10.45,10.5,9.22,2229400
2024-11-26,10.45,10.6,10.45,10.55,9.27,2434600
2024-11-25,10.45,10.5,10.4,10.4,9.13,1960800
2024-11-22,10.45,10.5,10.4,10.4,9.13,2438000
2024-11-21,10.45,10.55,10.35,10.45,9.18,2507100
2024-11-20,10.35,10.55,10.35,10.45,9.18,1986900
2024-11-19,10.5,10.5,10.35,10.35,9.09,1408800
2024-11-18,10.3,10.6,10.3,10.5,9.22,1790300
2024-11-15,10.4,10.5,10.2,10.35,9.09,3785900
2024-11-14,10.75,10.75,10.5,10.5,9.22,3213200
2024-11-13,10.75,10.8,10.6,10.75,9.44,2700500
2024-11-12,10.6,10.85,10.55,10.75,9.44,4160000
2024-11-11,10.6,10.6,10.45,10.55,9.27,4495000
2024-11-08,10.75,10.75,10.55,10.6,9.31,4753400
2024-11-07,10.9,10.9,10.7,10.7,9.4,4814000
2024-11-06,10.75,10.85,10.7,10.8,9.48,5327900
2024-11-05,10.9,10.95,10.65,10.7,9.4,4587600
2024-11-04,11.2,11.25,10.8,10.85,9.53,7210000
2024-11-01,11.45,11.5,11.15,11.15,9.79,7247800
2024-10-31,11.6,11.65,11.45,11.45,10.06,3030500
2024-10-30,11.65,11.7,11.45,11.55,10.14,3280800
2024-10-29,11.5,11.7,11.45,11.65,10.23,2516400
2024-10-28,11.45,11.55,11.45,11.5,10.1,1617500
2024-10-25,11.6,11.65,11.4,11.4,10.01,3609600
2024-10-24,11.8,11.85,11.5,11.5,10.1,5021300
2024-10-23,11.75,11.85,11.7,11.75,10.32,2406300
2024-10-22,12.2,12.2,11.7,11.75,10.32,9779100
2024-10-21,12.35,12.4,12.2,12.2,10.71,3381300
2024-10-18,12.4,12.65,12.35,12.35,10.85,6574000
2024-10-17,12.3,12.45,12.15,12.35,10.85,4337500
2024-10-16,12.25,12.35,12.15,12.25,10.76,2083200
2024-10-15,12.25,12.5,12.2,12.25,10.76,4566200
2024-10-14,12.35,12.4,12.2,12.2,10.71,4118500
2024-10-11,12.4,12.45,12.2,12.25,10.76,5801600
2024-10-10,12.75,12.75,12.4,12.4,10.89,7229700
2024-10-09,12.5,12.65,12.45,12.65,11.11,5373900
2024-10-08,12.6,12.9,12.55,12.55,11.02,8625400
2024-10-07,12.8,12.9,12.45,12.55,11.02,8155000
2024-10-04,12.9,13.1,12.75,12.8,11.24,5956500
2024-10-03,11.95,12.75,11.95,12.75,11.2,24119100
2024-10-02,12.0,12.1,11.9,11.95,10.49,3068300
2024-10-01,12.15,12.2,12.05,12.1,10.63,3927300
2024-09-30,12.15,12.35,12.0,12.1,10.63,4453500
2024-09-27,12.15,12.35,12.0,12.05,10.58,4165700
2024-09-26,11.7,12.2,11.65,12.0,10.54,4932800
2024-09-25,11.7,11.8,11.65,11.65,10.23,3490600
2024-09-24,11.6,11.7,11.5,11.65,10.23,780300
2024-09-23,11.6,11.7,11.5,11.55,10.14,751600
2024-09-20,11.7,11.75,11.6,11.65,10.23,1142000
2024-09-19,11.6,11.65,11.5,11.6,10.19,415900
2024-09-18,11.6,11.65,11.45,11.6,10.19,1052600
2024-09-17,11.45,11.6,11.3,11.6,10.19,859500
2024-09-16,11.4,11.5,11.35,11.35,9.97,907200
2024-09-13,11.4,11.45,11.35,11.4,10.01,472500
2024-09-12,11.4,11.45,11.35,11.4,10.01,563400
2024-09-11,11.5,11.6,11.3,11.3,9.92,1647400
2024-09-10,11.65,11.7,11.5,11.5,10.1,633900
2024-09-09,11.6,11.65,11.55,11.6,10.19,483500
2024-09-06,11.7,11.7,11.55,11.6,10.19,886400
2024-09-05,11.8,11.9,11.65,11.7,10.28,1094400
2024-09-04,11.8,11.85,11.65,11.75,10.32,1275900
2024-08-30,12.1,12.1,11.9,11.9,10.45,771800
2024-08-29,12.05,12.2,12.0,12.0,10.54,2207500
2024-08-28,14.25,14.4,14.25,14.35,10.5,2486000
2024-08-27,14.45,14.5,14.25,14.25,10.43,3111700
2024-08-26,14.55,14.55,14.45,14.45,10.57,2278800
2024-08-23,14.6,14.7,14.45,14.5,10.61,3507400
2024-08-22,14.55,14.7,14.45,14.5,10.61,3222400
2024-08-21,14.5,14.5,14.4,14.5,10.61,2132200
2024-08-20,14.5,14.6,14.4,14.45,10.57,2607100
2024-08-19,14.6,14.6,14.4,14.5,10.61,1072400
2024-08-16,14.6,14.65,14.4,14.45,10.57,3355100
2024-08-15,14.55,14.55,14.4,14.4,10.54,459700
2024-08-14,14.55,14.6,14.45,14.55,10.65,903900
2024-08-13,14.55,14.7,14.4,14.5,10.61,2146900
2024-08-12,14.4,14.6,14.4,14.55,10.65,1118800
2024-08-09,14.35,14.55,14.3,14.45,10.57,1179900
2024-08-08,14.1,14.35,14.05,14.3,10.46,1672500
2024-08-07,14.2,14.35,13.95,14.25,10.43,1611800
2024-08-06,13.8,14.25,13.65,14.2,10.39,1963300
2024-08-05,14.5,14.5,13.75,13.85,10.14,2718200
2024-08-02,14.3,14.65,14.2,14.65,10.72,2466800
2024-08-01,14.55,14.55,14.35,14.45,10.57,1048800
2024-07-31,14.7,14.7,14.4,14.5,10.61,3239900
2024-07-30,14.9,15.05,14.75,14.8,10.83,3559000
2024-07-29,14.75,15.0,14.7,14.9,10.9,2063300
2024-07-26,14.5,14.8,14.45,14.8,10.83,2371500
2024-07-25,14.55,14.6,14.4,14.55,10.65,1259700
2024-07-24,14.4,14.7,14.35,14.6,10.68,1592000
2024-07-23,15.2,15.25,14.15,14.5,10.61,4910100
2024-07-22,15.2,15.25,14.9,15.2,11.12,3175500
2024-07-19,14.55,15.35,14.4,15.1,11.05,5722700
2024-07-18,14.65,14.65,14.45,14.55,10.65,1014000
2024-07-17,14.5,14.8,14.45,14.5,10.61,2655800
2024-07-16,14.4,14.55,14.4,14.45,10.57,1298900
2024-07-15,14.5,14.6,14.4,14.4,10.54,636600
2024-07-12,14.5,14.6,14.45,14.45,10.57,1110100
2024-07-11,14.6,14.65,14.5,14.55,10.65,979400
2024-07-10,14.55,14.65,14.45,14.65,10.72,1482300
2024-07-09,14.5,14.6,14.35,14.5,10.61,1782200
2024-07-08,14.65,14.65,14.35,14.65,10.72,1636900
2024-07-05,14.6,14.65,14.35,14.65,10.72,1299200
2024-07-04,14.55,14.75,14.45,14.45,10.57,1467800
2024-07-03,14.5,14.5,14.35,14.4,10.54,742200
2024-07-02,14.35,14.45,14.3,14.4,10.54,735400
2024-07-01,14.1,14.3,14.1,14.3,10.46,703800
2024-06-28,14.3,14.35,14.1,14.1,10.32,1009800
2024-06-27,14.3,14.3,14.2,14.3,10.46,693400
2024-06-26,14.5,14.5,14.15,14.3,10.46,1090500
2024-06-25,14.3,14.55,14.3,14.55,10.65,805000
2024-06-24,14.5,14.7,14.15,14.3,10.46,2008400
2024-06-21,14.75,14.8,14.45,14.5,10.61,1209100
2024-06-20,14.8,15.0,14.7,14.75,10.79,400600
2024-06-19,14.9,15.0,14.5,14.8,10.83,2071200
2024-06-18,15.0,15.0,14.9,14.9,10.9,916200
2024-06-17,15.2,15.3,14.75,14.9,10.9,2824200
2024-06-14,15.65,15.65,15.2,15.2,11.12,2030100
2024-06-13,15.4,15.65,15.4,15.6,11.42,3932300
2024-06-12,15.2,15.4,15.15,15.4,11.27,2128600
2024-06-11,15.25,15.4,15.2,15.2,11.12,1488300
2024-06-10,15.45,15.55,15.3,15.35,11.23,2293100
2024-06-07,15.25,15.5,15.15,15.45,11.31,3402200
2024-06-06,15.4,15.45,15.15,15.25,11.16,1740200
2024-06-05,15.2,15.65,15.1,15.4,11.27,5548200
2024-06-04,15.3,15.35,15.15,15.2,11.12,4149300
2024-06-03,14.75,15.35,14.7,15.3,11.2,8778300
2024-05-31,14.65,14.8,14.5,14.75,10.79,1874200
2024-05-30,14.45,14.65,14.35,14.65,10.72,1718000
2024-05-29,14.7,14.75,14.5,14.5,10.61,2110200
2024-05-28,14.55,14.75,14.55,14.7,10.76,2234200
2024-05-27,14.4,14.55,14.4,14.55,10.65,1329400
2024-05-24,14.45,14.75,14.4,14.45,10.57,3739300
2024-05-23,14.4,14.5,14.35,14.5,10.61,1725400
2024-05-22,14.4,14.55,14.35,14.4,10.54,1349700
2024-05-21,14.55,14.6,14.25,14.4,10.54,2417300
2024-05-20,15.0,15.0,14.5,14.55,10.65,2035400
2024-05-17,14.55,14.65,14.35,14.5,10.61,1821300
2024-05-16,13.95,14.5,13.9,14.5,10.61,3752200
2024-05-15,13.85,13.95,13.8,13.85,10.14,1430900
2024-05-14,13.85,14.0,13.8,13.8,10.1,960700
2024-05-13,13.95,13.95,13.75,13.85,10.14,1012000
2024-05-10,14.05,14.05,13.85,13.9,10.17,932700
2024-05-09,13.95,14.1,13.8,14.0,10.25,1499400
2024-05-08,14.05,14.05,13.85,14.05,10.28,1059000
2024-05-07,14.0,14.1,13.9,14.1,10.32,1058500
2024-05-06,13.85,14.05,13.8,13.95,10.21,1686500
2024-05-03,13.7,13.85,13.65,13.7,10.03,1506800
2024-05-02,13.65,13.7,13.5,13.65,9.99,747500
2024-04-26,13.55,13.75,13.55,13.65,9.99,1076700
2024-04-25,13.85,13.95,13.5,13.6,9.95,2037600
2024-04-24,13.55,13.9,13.55,13.85,10.14,1665500
2024-04-23,13.85,13.85,13.45,13.5,9.88,1358100
2024-04-22,13.8,13.8,13.6,13.75,10.06,775200
2024-04-19,13.6,13.9,13.4,13.5,9.88,2457400
2024-04-17,13.85,14.05,13.65,13.75,10.06,2770200
2024-04-16,14.15,14.2,13.55,13.65,9.99,3944200
2024-04-15,14.7,15.0,14.0,14.05,10.28,4454400
2024-04-12,14.65,14.85,14.5,14.85,10.87,2557400
2024-04-11,14.45,14.6,14.35,14.6,10.68,524300
2024-04-10,14.6,14.7,14.55,14.65,10.72,2464000
2024-04-09,14.4,14.6,14.35,14.6,10.68,1217500
2024-04-08,14.4,14.5,14.3,14.4,10.54,1284800
2024-04-05,14.4,14.45,14.3,14.4,10.54,1941800
2024-04-04,14.5,14.6,14.4,14.45,10.57,2579700
2024-04-03,14.75,14.8,14.45,14.5,10.61,3016900
2024-04-02,14.9,14.9,14.6,14.8,10.83,1543600
2024-04-01,15.05,15.05,14.75,14.85,10.87,1556900
2024-03-29,15.15,15.2,14.85,14.95,10.94,1403500
2024-03-28,15.15,15.2,15.0,15.15,11.09,2647400
2024-03-27,15.0,15.2,14.85,15.0,10.98,3812700
2024-03-26,14.65,14.95,14.65,14.8,10.83,2366300
2024-03-25,14.8,15.0,14.6,14.65,10.72,2170200
2024-03-22,14.9,15.05,14.7,14.8,10.83,3973900
2024-03-21,14.7,14.9,14.6,14.9,10.9,4742700
2024-03-20,14.25,14.6,14.15,14.5,10.61,2981500
2024-03-19,14.6,14.6,14.2,14.25,10.43,1991200
2024-03-18,14.6,14.7,13.95,14.7,10.76,4971700
2024-03-15,14.7,14.7,14.55,14.6,10.68,1839000
2024-03-14,15.0,15.0,14.65,14.75,10.79,2516700
2024-03-13,14.75,15.0,14.6,15.0,10.98,2134200
2024-03-12,14.4,14.7,14.35,14.65,10.72,2251500
2024-03-11,14.75,14.75,14.4,14.5,10.61,3265100
2024-03-08,15.1,15.15,14.75,14.8,10.83,4899100
2024-03-07,15.1,15.15,15.05,15.1,11.05,1755100
2024-03-06,15.15,15.4,15.1,15.15,11.09,2127000
2024-03-05,15.1,15.2,15.05,15.15,11.09,2976800
2024-03-04,15.3,15.3,15.1,15.15,11.09,3303500
2024-03-01,15.15,15.25,15.05,15.15,11.09,2735400
2024-02-29,15.55,15.65,15.15,15.15,11.09,3532700
2024-02-28,15.25,15.4,15.2,15.4,11.27,2860800
2024-02-27,15.2,15.3,15.05,15.2,11.12,2769800
2024-02-26,15.25,15.25,15.05,15.1,11.05,2873700
2024-02-23,15.65,15.95,15.2,15.2,11.12,7790300
2024-02-22,15.7,15.8,15.5,15.5,11.34,2684400
2024-02-21,15.6,15.8,15.35,15.7,11.49,4056100
2024-02-20,15.75,15.75,15.45,15.55,11.38,3645900
2024-02-19,15.7,16.2,15.5,15.75,11.53,3962900
2024-02-16,16.0,16.0,15.55,15.7,11.49,3206900
2024-02-15,15.1,16.05,15.1,15.9,11.64,11566900
2024-02-07,14.9,15.15,14.85,15.1,11.05,3825700
2024-02-06,15.05,15.2,14.85,14.85,10.87,1638200
2024-02-05,14.65,15.0,14.5,14.95,10.94,2912500
2024-02-02,14.7,14.8,14.5,14.5,10.61,3363000
2024-02-01,14.85,14.9,14.6,14.8,10.83,3639400
2024-01-31,15.35,15.35,14.8,14.85,10.87,3496500
2024-01-30,14.75,15.4,14.75,15.3,11.2,7936400
2024-01-29,14.75,14.75,14.55,14.75,10.79,2070000
2024-01-26,14.7,14.7,14.6,14.6,10.68,1723700
2024-01-25,14.65,14.65,14.45,14.6,10.68,1526100
2024-01-24,14.75,14.95,14.4,14.55,10.65,3484000
2024-01-23,15.0,15.0,14.8,14.85,10.87,1994700
2024-01-22,15.05,15.15,14.9,14.95,10.94,1962400
2024-01-19,14.85,15.05,14.85,15.0,10.98,2638600
2024-01-18,15.0,15.0,14.7,14.7,10.76,2569800
2024-01-17,15.25,15.25,14.85,14.85,10.87,2544600
2024-01-16,15.4,15.4,14.95,15.1,11.05,2012200
2024-01-15,15.0,15.35,14.95,15.3,11.2,5987200
2024-01-12,14.7,15.0,14.6,14.9,10.9,6188400
2024-01-11,14.6,15.1,14.6,14.85,10.87,11325900
2024-01-10,14.55,14.6,14.0,14.6,10.68,6952200
2024-01-09,14.6,14.75,14.4,14.5,10.61,4656300
2024-01-08,14.25,14.6,14.15,14.6,10.68,6697500
2024-01-05,14.1,14.3,14.0,14.25,10.43,6771000
2024-01-04,13.85,14.45,13.8,14.05,10.28,5258000
2024-01-03,13.45,13.85,13.4,13.85,10.14,2266400
2024-01-02,13.4,13.55,13.4,13.45,9.84,1020800
2023-12-29,13.3,13.4,13.3,13.3,9.73,1665200
2023-12-28,13.35,13.35,13.25,13.3,9.73,1334000
2023-12-27,13.3,13.35,13.25,13.3,9.73,732300
2023-12-26,13.2,13.35,13.2,13.25,9.7,921000
2023-12-25,13.15,13.35,13.15,13.2,9.66,755900
2023-12-22,13.35,13.35,13.1,13.1,9.59,1435700
2023-12-21,13.2,13.25,13.1,13.25,9.7,953500
2023-12-20,13.25,13.35,13.15,13.2,9.66,603600
2023-12-19,13.15,13.35,13.1,13.2,9.66,983200
2023-12-18,13.55,13.55,13.15,13.15,9.62,1541000
2023-12-15,13.4,13.55,13.3,13.4,9.81,1516700
2023-12-14,13.65,13.7,13.5,13.55,9.92,1154600
2023-12-13,13.95,14.0,13.6,13.65,9.99,1219100
2023-12-12,13.8,13.9,13.7,13.9,10.17,809500
2023-12-11,14.25,14.25,13.6,13.9,10.17,1444700
2023-12-08,14.1,14.3,13.95,14.1,10.32,2399500
2023-12-07,14.15,14.2,13.95,14.1,10.32,4749200
2023-12-06,13.75,14.0,13.65,14.0,10.25,3514000
2023-12-05,13.75,13.8,13.5,13.65,9.99,1348500
2023-12-04,13.4,13.85,13.35,13.55,9.92,2492900
2023-12-01,13.4,13.5,13.25,13.35,9.77,581800
2023-11-30,13.7,13.7,13.35,13.35,9.77,695300
2023-11-29,13.35,13.65,13.35,13.6,9.95,974000
2023-11-28,13.35,13.4,13.15,13.35,9.77,1478700
2023-11-27,13.6,13.6,13.35,13.35,9.77,969900
2023-11-24,13.6,13.6,13.15,13.55,9.92,2415900
2023-11-23,13.75,13.9,13.55,13.65,9.99,2751300
2023-11-22,13.75,13.85,13.65,13.75,10.06,1977900
2023-11-21,13.75,13.85,13.65,13.8,10.1,1800400
2023-11-20,13.05,13.8,13.05,13.7,10.03,1881000
2023-11-17,14.1,14.15,13.7,13.8,10.1,3291500
2023-11-16,14.0,14.15,13.8,14.1,10.32,3434100
2023-11-15,14.05,14.15,13.9,14.0,10.25,6432100
2023-11-14,13.95,14.5,13.75,13.9,10.17,6268900
2023-11-13,13.65,13.8,13.6,13.75,10.06,2893600
2023-11-10,13.3,13.75,13.25,13.75,10.06,3238800
2023-11-09,13.9,14.0,13.6,13.65,9.99,2996100
2023-11-08,13.4,14.0,13.3,13.8,10.1,2424300
2023-11-07,13.65,13.65,13.3,13.35,9.77,2219800
2023-11-06,13.9,13.9,13.6,13.65,9.99,3413800
2023-11-03,13.2,13.9,13.15,13.9,10.17,4426700
2023-11-02,12.9,13.2,12.75,13.2,9.66,1583200
2023-11-01,12.75,12.95,12.7,12.8,9.37,1638000
2023-10-31,12.7,12.9,12.55,12.75,9.33,2238000
2023-10-30,12.5,12.85,12.45,12.55,9.18,941900
2023-10-27,12.45,12.55,12.2,12.5,9.15,823400
2023-10-26,12.7,12.7,12.05,12.3,9.0,1387700
2023-10-25,12.8,13.2,12.8,12.8,9.37,1291900
2023-10-24,12.4,13.2,12.4,13.0,9.51,1334000
2023-10-23,12.6,12.6,12.3,12.4,9.07,544200
2023-10-20,12.15,12.6,12.15,12.6,9.22,958200
2023-10-19,12.2,12.35,12.1,12.15,8.89,998400
2023-10-18,12.65,12.65,12.1,12.1,8.86,1532900
2023-10-17,12.8,12.9,12.6,12.6,9.22,639400
2023-10-16,13.0,13.0,12.8,12.8,9.37,695200
2023-10-13,13.1,13.1,12.95,13.0,9.51,978100
2023-10-12,13.3,13.3,13.1,13.1,9.59,568000
2023-10-11,13.25,13.25,13.05,13.2,9.66,621200
2023-10-10,13.35,13.4,13.2,13.25,9.7,682700
2023-10-09,13.25,13.3,13.1,13.25,9.7,531700
2023-10-06,12.95,13.35,12.9,13.25,9.7,632400
2023-10-05,13.35,13.35,12.95,12.95,9.48,672300
2023-10-04,12.7,13.35,12.7,13.25,9.7,668300
2023-10-03,13.5,13.5,13.0,13.0,9.51,1282700
2023-10-02,13.6,13.7,13.45,13.65,9.99,770100
2023-09-29,13.45,13.75,13.4,13.4,9.81,790500
2023-09-28,13.5,13.6,13.2,13.4,9.81,766900
2023-09-27,13.2,13.5,13.0,13.5,9.88,1185200
2023-09-26,13.3,13.6,13.3,13.45,9.84,1942000
2023-09-25,14.2,14.2,13.45,13.45,9.84,1946900
2023-09-22,14.5,14.6,13.95,14.2,10.39,3127800
2023-09-21,14.5,14.7,14.4,14.7,10.76,3994400
2023-09-20,14.45,14.5,14.2,14.5,10.61,3453700
2023-09-19,21.3,21.5,20.8,20.9,10.2,5770800
2023-09-18,21.9,21.9,21.3,21.3,10.39,4637200
2023-09-15,22.0,22.0,21.55,21.7,10.59,2114000
2023-09-14,22.0,22.15,21.7,21.8,10.64,3350500
2023-09-13,22.2,22.5,21.8,22.0,10.73,3418200
2023-09-12,22.0,22.0,21.6,22.0,10.73,3868200
2023-09-11,22.05,22.5,21.85,21.9,10.69,7359900
2023-09-08,21.3,21.45,21.05,21.3,10.39,2402900
2023-09-07,21.0,21.3,20.9,21.2,10.34,4845900
2023-09-06,20.05,21.0,20.05,20.7,10.1,6780800
2023-09-05,19.7,20.4,19.7,20.0,9.76,4500200
2023-08-31,19.45,19.7,19.25,19.6,9.56,2287200
2023-08-30,18.85,19.3,18.75,19.3,9.42,2122500
2023-08-29,18.6,18.85,18.6,18.75,9.15,964900
2023-08-28,18.4,18.6,18.25,18.6,9.07,1186600
2023-08-25,18.5,18.55,18.35,18.4,8.98,921600
2023-08-24,18.5,18.5,18.3,18.5,9.03,587000
2023-08-23,18.45,18.65,18.3,18.35,8.95,763000
2023-08-22,18.5,18.5,17.9,18.35,8.95,1076700
2023-08-21,18.2,18.4,17.8,18.3,8.93,1134300
2023-08-18,19.3,19.3,18.1,18.2,8.88,3942800
2023-08-17,19.5,19.65,19.4,19.4,9.47,1477900
2023-08-16,19.5,19.75,19.4,19.6,9.56,2107800
2023-08-15,20.1,20.15,19.45,19.55,9.54,2190000
2023-08-14,19.8,20.15,19.8,19.95,9.73,2014300
2023-08-11,19.6,19.8,19.4,19.8,9.66,2283600
2023-08-10,19.25,19.9,19.15,19.55,9.54,4317500
2023-08-09,19.3,19.35,19.15,19.2,9.37,1589900
2023-08-08,19.2,19.55,19.2,19.25,9.39,3927800
2023-08-07,18.8,19.25,18.75,19.05,9.29,2227000
2023-08-04,18.85,18.9,18.55,18.55,9.05,4006400
2023-08-03,19.2,19.2,18.8,18.8,9.17,1654000
2023-08-02,18.95,19.4,18.85,19.1,9.32,1971400
2023-08-01,19.15,19.35,18.95,18.95,9.25,2629600
2023-07-31,19.2,19.45,19.05,19.1,9.32,3963200
2023-07-28,18.8,18.9,18.65,18.85,9.2,2193800
2023-07-27,19.0,19.0,18.6,18.7,9.12,1843900
2023-07-26,19.1,19.15,18.8,18.9,9.22,1331500
2023-07-25,18.4,19.2,18.4,19.05,9.29,4336400
2023-07-24,18.45,18.5,18.3,18.4,8.98,1311000
2023-07-21,18.15,18.3,18.1,18.3,8.93,659900
2023-07-20,18.25,18.25,18.0,18.1,8.83,1236600
2023-07-19,18.45,18.45,18.2,18.2,8.88,956200
2023-07-18,18.25,18.35,18.2,18.35,8.95,782500
2023-07-17,18.2,18.3,18.1,18.25,8.9,844900
2023-07-14,18.55,18.65,17.9,18.2,8.88,2832600
2023-07-13,18.5,18.5,18.4,18.5,9.03,1010900
2023-07-12,18.45,18.5,18.25,18.4,8.98,618700
2023-07-11,18.35,18.55,18.3,18.4,8.98,1194100
2023-07-10,18.1,18.4,18.05,18.35,8.95,1666200
2023-07-07,18.05,18.15,17.9,18.1,8.83,1437200
2023-07-06,18.3,18.3,18.05,18.05,8.81,840000
2023-07-05,18.4,18.55,18.2,18.2,8.88,1600700
2023-07-04,18.5,18.5,18.3,18.4,8.98,280900
2023-07-03,18.3,18.4,18.15,18.35,8.95,810500
2023-06-30,18.35,18.45,18.3,18.3,8.93,711500
2023-06-29,18.5,18.55,18.35,18.35,8.95,734100
2023-06-28,18.7,18.75,18.45,18.5,9.03,2036000
2023-06-27,18.8,19.0,18.7,18.7,9.12,753100
2023-06-26,18.75,18.8,18.4,18.8,9.17,1463600
2023-06-23,18.55,18.85,18.55,18.6,9.07,1227200
2023-06-22,18.4,18.6,18.35,18.55,9.05,1683800
2023-06-21,18.3,18.4,18.2,18.3,8.93,743100
2023-06-20,18.35,18.4,18.2,18.3,8.93,843300
2023-06-19,18.6,18.6,18.35,18.35,8.95,832000
2023-06-16,18.45,18.75,18.45,18.45,9.0,2160400
2023-06-15,18.4,18.6,18.35,18.45,9.0,591900
2023-06-14,18.4,19.0,18.4,18.55,9.05,1648900
2023-06-13,18.5,18.5,18.3,18.4,8.98,909500
2023-06-12,18.5,18.55,18.25,18.45,9.0,1094700
2023-06-09,18.3,18.5,18.15,18.5,9.03,1471100
2023-06-08,18.5,18.65,18.3,18.3,8.93,1756300
2023-06-07,18.65,18.7,18.35,18.45,9.0,1746300
2023-06-06,18.15,18.65,18.1,18.65,9.1,1937100
2023-06-05,18.75,18.75,18.0,18.1,8.83,2807700
2023-06-02,18.25,18.7,18.05,18.45,9.0,3288500
2023-06-01,17.0,18.05,16.9,18.0,8.78,2830500
2023-05-31,17.0,17.1,16.9,16.95,8.27,985600
2023-05-30,17.15,17.15,16.9,17.0,8.29,758600
2023-05-29,16.8,17.0,16.8,16.95,8.27,485900
2023-05-26,16.75,16.8,16.65,16.8,8.2,419100
2023-05-25,16.85,16.9,16.7,16.7,8.15,582300
2023-05-24,17.0,17.1,16.85,16.85,8.22,730400
2023-05-23,17.2,17.2,17.0,17.0,8.29,809900
2023-05-22,17.0,17.25,17.0,17.2,8.39,1014500
2023-05-19,17.1,17.1,16.85,17.0,8.29,681900
2023-05-18,17.15,17.15,16.95,17.0,8.29,870400
2023-05-17,17.1,17.2,16.85,17.0,8.29,1171600
2023-05-16,16.95,17.3,16.95,17.05,8.32,1353100
2023-05-15,16.6,17.5,16.6,17.0,8.29,3819400
2023-05-12,16.6,16.6,16.3,16.5,8.05,1338400
2023-05-11,16.55,16.65,16.4,16.5,8.05,2014000
2023-05-10,15.85,16.25,15.85,16.25,7.93,1030500
2023-05-09,16.0,16.05,15.8,15.85,7.73,450100
2023-05-08,15.8,15.95,15.75,15.95,7.78,467100
2023-05-05,15.7,16.0,15.7,15.75,7.68,333700
2023-05-04,15.7,16.1,15.65,15.75,7.68,800400
2023-04-28,16.25,16.25,15.65,15.65,7.64,1523300
2023-04-27,16.05,16.2,16.0,16.05,7.83,412900
2023-04-26,16.15,16.15,15.85,16.0,7.81,554500
2023-04-25,16.25,16.45,16.05,16.15,7.88,451400
2023-04-24,16.1,16.3,16.1,16.25,7.93,361300
2023-04-21,16.4,16.4,16.15,16.3,7.95,277500
2023-04-20,16.2,16.4,16.15,16.4,8.0,365100
2023-04-19,16.4,16.5,16.2,16.2,7.9,509400
2023-04-18,16.4,16.7,16.4,16.45,8.03,317100
2023-04-17,16.4,16.5,16.35,16.4,8.0,473400
2023-04-14,16.6,16.75,16.5,16.5,8.05,1071200
2023-04-13,16.7,16.7,16.5,16.6,8.1,597600
2023-04-12,16.8,17.0,16.6,16.6,8.1,562700
2023-04-11,17.0,17.0,16.55,16.9,8.25,717000
2023-04-10,17.2,17.3,16.85,16.9,8.25,1009600
2023-04-07,16.55,17.0,16.55,16.9,8.25,972000
2023-04-06,16.75,16.8,16.4,16.4,8.0,520100
2023-04-05,16.65,16.85,16.6,16.75,8.17,533400
2023-04-04,16.8,16.85,16.5,16.75,8.17,452500
2023-04-03,16.7,16.85,16.6,16.8,8.2,756800
2023-03-31,16.3,16.75,16.2,16.6,8.1,817200
2023-03-30,16.3,16.5,16.2,16.2,7.9,321700
2023-03-29,15.9,16.3,15.8,16.25,7.93,709700
2023-03-28,15.9,15.9,15.75,15.8,7.71,254800
2023-03-27,15.8,15.9,15.7,15.75,7.68,210500
2023-03-24,15.6,15.9,15.6,15.8,7.71,332700
2023-03-23,15.35,15.65,15.25,15.6,7.61,138400
2023-03-22,15.45,15.55,15.4,15.4,7.51,80600
2023-03-21,15.55,15.55,15.25,15.4,7.51,242300
2023-03-20,15.6,15.6,15.35,15.35,7.49,404600
2023-03-17,15.75,15.8,15.55,15.6,7.61,134400
2023-03-16,15.55,15.75,15.5,15.65,7.64,393900
2023-03-15,15.8,16.0,15.7,16.0,7.81,431500
2023-03-14,15.9,15.9,15.5,15.5,7.56,487200
2023-03-13,16.0,16.1,15.9,15.9,7.76,361200
2023-03-10,16.4,16.45,16.15,16.2,7.9,261200
2023-03-09,16.1,16.55,15.95,16.45,8.03,616700
2023-03-08,16.0,16.1,15.75,16.05,7.83,309400
2023-03-07,15.9,16.1,15.9,16.0,7.81,356300
2023-03-06,16.1,16.4,16.0,16.0,7.81,305600
2023-03-03,16.2,16.25,15.8,16.1,7.86,368000
2023-03-02,16.2,16.2,15.75,16.2,7.9,549000
2023-03-01,15.95,16.2,15.9,16.05,7.83,705400
2023-02-28,16.35,16.4,16.25,16.25,7.93,374500
2023-02-27,16.9,16.9,16.2,16.35,7.98,324500
2023-02-24,17.0,17.25,16.8,16.85,8.22,357300
2023-02-23,17.1,17.45,16.5,17.35,8.47,764900
2023-02-22,17.0,17.6,16.9,16.9,8.25,509400
2023-02-21,17.7,17.9,17.4,17.4,8.49,437200
2023-02-20,17.05,17.75,17.05,17.65,8.61,505000
2023-02-17,17.15,17.25,16.95,17.25,8.42,318300
2023-02-16,17.25,17.3,17.0,17.1,8.34,119600
2023-02-15,16.8,17.35,16.8,17.2,8.39,230800
2023-02-14,16.8,17.35,16.7,17.35,8.47,396500
2023-02-13,17.4,17.95,16.85,16.85,8.22,829900
2023-02-10,18.05,18.45,17.8,18.1,8.83,431100
2023-02-09,18.1,18.5,17.95,18.5,9.03,373000
2023-02-08,18.75,18.75,17.8,18.1,8.83,531700
2023-02-07,18.85,19.2,18.6,18.6,9.07,761200
2023-02-06,19.15,19.4,18.6,19.4,9.47,1427200
2023-02-03,18.65,19.4,18.3,19.4,9.47,3001900
2023-02-02,18.0,18.8,17.5,18.8,9.17,1327500
2023-02-01,18.7,18.8,18.0,18.1,8.83,1049600
2023-01-31,18.55,18.8,18.3,18.8,9.17,1021200
2023-01-30,18.7,18.85,18.55,18.55,9.05,532200
2023-01-27,17.9,19.0,17.9,18.7,9.12,2063000
2023-01-19,17.7,17.85,17.6,17.8,8.68,434100
2023-01-18,17.95,17.95,17.65,17.7,8.64,420100
2023-01-17,17.55,17.8,17.3,17.8,8.68,789400
2023-01-16,17.3,17.45,16.9,17.4,8.49,804300
2023-01-13,17.75,17.75,17.35,17.35,8.47,660000
2023-01-12,17.8,17.85,17.6,17.65,8.61,336600
2023-01-11,17.85,17.9,17.65,17.9,8.73,740900
2023-01-10,17.9,17.9,17.6,17.8,8.68,250600
2023-01-09,17.9,18.0,17.75,17.9,8.73,646100
2023-01-06,17.8,18.0,17.65,17.9,8.73,786500
2023-01-05,17.65,17.9,17.6,17.8,8.68,822200
2023-01-04,17.7,18.0,17.65,18.0,8.78,637600
2023-01-03,17.5,18.1,17.5,18.05,8.81,1423300
2022-12-30,17.8,18.0,17.5,18.0,8.78,2272800
2022-12-29,17.5,17.95,17.25,17.95,8.76,1608800
2022-12-28,16.7,17.8,16.4,17.8,8.68,2332200
2022-12-27,15.8,16.8,15.7,16.8,8.2,2012800
2022-12-26,15.95,16.1,15.5,15.9,7.76,1017600
2022-12-23,15.85,16.2,15.45,16.2,7.9,1109900
2022-12-22,15.45,15.9,15.2,15.9,7.76,1242900
2022-12-21,15.65,15.7,15.1,15.45,7.54,546500
2022-12-20,15.65,15.7,14.85,15.7,7.66,1284900
2022-12-19,15.9,15.95,15.65,15.65,7.64,509700
2022-12-16,15.65,15.95,15.6,15.75,7.68,469900
2022-12-15,15.75,16.0,15.7,15.75,7.68,359200
2022-12-14,16.2,16.25,15.9,15.9,7.76,328900
2022-12-13,16.15,16.2,15.8,16.2,7.9,1051300
2022-12-12,16.0,16.3,15.7,16.1,7.86,755400
2022-12-09,16.2,16.2,15.8,16.2,7.9,832400
2022-12-08,15.8,16.3,15.5,16.3,7.95,1364600
2022-12-07,15.8,15.85,15.45,15.85,7.73,1409200
2022-12-06,16.1,16.1,15.55,15.95,7.78,1722300
2022-12-05,15.9,16.3,15.75,16.0,7.81,1467300
2022-12-02,15.1,15.75,15.1,15.75,7.68,933100
2022-12-01,15.35,15.75,15.25,15.4,7.51,1587900
2022-11-30,15.15,15.3,15.05,15.3,7.46,1230400
2022-11-29,15.1,15.3,14.45,15.15,7.39,1923900
2022-11-28,15.45,15.45,15.05,15.3,7.46,1608600
2022-11-25,15.15,15.2,15.0,15.15,7.39,895100
2022-11-24,14.6,15.0,14.6,15.0,7.32,1299400
2022-11-23,14.3,15.0,14.3,14.8,7.22,1407500
2022-11-22,14.35,14.95,14.2,14.55,7.1,1623700
2022-11-21,14.5,14.5,14.1,14.35,7.0,969000
2022-11-18,14.45,14.5,14.1,14.35,7.0,1493800
2022-11-17,13.8,14.5,13.8,14.5,7.07,1868400
2022-11-16,13.0,13.8,12.8,13.8,6.73,3519200
2022-11-15,13.0,13.1,12.75,13.1,6.39,3390700
2022-11-14,13.1,13.45,12.85,13.1,6.39,1171400
2022-11-11,13.15,13.65,13.1,13.3,6.49,1528800
2022-11-10,13.5,13.6,12.8,13.0,6.34,1835900
2022-11-09,13.4,13.75,13.4,13.55,6.61,602000
2022-11-08,13.3,13.7,13.3,13.5,6.59,1425400
2022-11-07,13.8,13.85,13.25,13.4,6.54,1196100
2022-11-04,13.8,14.05,13.2,13.85,6.76,3861500
2022-11-03,14.0,14.5,13.8,13.8,6.73,1753300
2022-11-02,13.9,14.55,13.9,14.25,6.95,1295300
2022-11-01,13.3,14.1,13.25,14.1,6.88,2525000
2022-10-31,13.2,13.5,13.0,13.2,6.44,751200
2022-10-28,13.4,13.55,13.2,13.2,6.44,684100
2022-10-27,12.9,13.5,12.85,13.45,6.56,944000
2022-10-26,13.0,13.25,12.9,12.9,6.29,330200
2022-10-25,13.0,13.5,12.4,13.25,6.46,1319200
2022-10-24,13.1,13.35,12.75,13.2,6.44,884900
2022-10-21,13.5,13.5,12.7,13.4,6.54,1077000
2022-10-20,13.5,13.6,13.3,13.55,6.61,606100
2022-10-19,13.3,13.55,13.3,13.5,6.59,711700
2022-10-18,13.55,13.6,13.35,13.5,6.59,888300
2022-10-17,13.3,13.4,12.95,13.4,6.54,1084400
2022-10-14,13.1,13.3,12.9,13.3,6.49,1336000
2022-10-13,12.8,12.9,12.45,12.9,6.29,961300
2022-10-12,12.0,12.9,11.8,12.8,6.25,1847500
2022-10-11,12.5,12.5,11.85,12.3,6.0,2327500
2022-10-10,12.55,12.7,12.1,12.7,6.2,2308500
2022-10-07,13.25,13.4,12.65,12.7,6.2,2811900
2022-10-06,14.55,14.55,13.4,13.6,6.64,1050800
2022-10-05,14.15,14.5,14.15,14.4,7.03,472400
2022-10-04,14.4,14.6,14.05,14.1,6.88,822700
2022-10-03,15.2,15.4,14.25,14.35,7.0,843500
2022-09-30,15.1,15.3,14.8,15.3,7.46,965900
2022-09-29,15.65,15.95,15.3,15.3,7.46,700200
2022-09-28,15.75,15.8,15.6,15.6,7.61,531800
2022-09-27,15.75,15.9,15.6,15.75,7.68,494500
2022-09-26,16.2,16.2,15.6,15.75,7.68,1377700
2022-09-23,16.3,16.4,16.15,16.35,7.98,437000
2022-09-22,16.1,16.6,16.05,16.1,7.86,3033400
2022-09-21,16.4,16.4,16.15,16.2,7.9,504300
2022-09-20,16.3,16.5,16.15,16.45,8.03,671700
2022-09-19,16.65,16.65,16.15,16.2,7.9,1341700
2022-09-16,16.9,16.9,16.6,16.7,8.15,1253100
2022-09-15,17.0,17.1,16.9,16.9,8.25,969900
2022-09-14,16.9,17.0,16.75,17.0,8.29,933000
2022-09-13,17.05,17.15,17.05,17.1,8.34,1462900
2022-09-12,17.15,17.2,17.0,17.05,8.32,530800
2022-09-09,17.0,17.05,16.7,17.05,8.32,753100
2022-09-08,17.15,17.3,16.95,16.95,8.27,1259700
2022-09-07,17.65,17.7,17.1,17.1,8.34,1727200
2022-09-06,17.6,17.85,17.5,17.6,8.59,1038200
2022-09-05,17.7,17.85,17.5,17.55,8.56,761000
2022-08-31,17.5,17.8,17.45,17.65,8.61,708200
2022-08-30,17.85,17.85,17.45,17.5,8.54,946100
2022-08-29,17.6,17.8,17.3,17.6,8.59,1385000
2022-08-26,18.05,18.2,17.8,17.9,8.73,1577100
2022-08-25,17.8,18.0,17.7,17.9,8.73,1611300
2022-08-24,17.65,17.8,17.65,17.7,8.64,970800
2022-08-23,17.35,17.65,17.3,17.6,8.59,984500
2022-08-22,17.9,18.0,17.45,17.45,8.51,2019500
2022-08-19,18.1,18.1,17.85,17.95,8.76,1316700
2022-08-18,18.1,18.15,17.9,17.95,8.76,1311800
2022-08-17,18.25,18.3,18.1,18.2,8.88,1381200
2022-08-16,18.4,18.4,18.1,18.25,8.9,1540500
2022-08-15,18.1,18.45,18.1,18.4,8.98,2830500
2022-08-12,18.1,18.1,17.85,18.05,8.81,1035300
2022-08-11,18.3,18.35,17.95,18.05,8.81,2298900
2022-08-10,18.0,18.2,18.0,18.1,8.83,1649700
2022-08-09,18.2,18.4,18.05,18.1,8.83,1469300
2022-08-08,18.05,18.15,17.9,18.15,8.86,1513600
2022-08-05,18.15,18.15,17.95,17.95,8.76,1693500
2022-08-04,18.2,18.45,18.15,18.15,8.86,2332700
2022-08-03,18.1,18.2,17.9,18.15,8.86,2527000
2022-08-02,18.1,18.25,18.0,18.1,8.83,1682200
2022-08-01,17.9,18.25,17.85,18.1,8.83,2825000
2022-07-29,18.15,18.2,17.8,18.15,8.86,1802100
2022-07-28,17.75,18.1,17.55,17.9,8.73,3321300
2022-07-27,17.45,17.55,17.25,17.55,8.56,927200
2022-07-26,17.6,17.6,17.45,17.5,8.54,570000
2022-07-25,17.55,17.7,17.4,17.6,8.59,689900
2022-07-22,17.45,17.7,17.4,17.6,8.59,1145900
2022-07-21,17.5,17.8,17.3,17.45,8.51,1086200
2022-07-20,17.45,17.7,17.35,17.5,8.54,1104000
2022-07-19,17.35,17.4,17.1,17.25,8.42,648700
2022-07-18,17.6,17.75,17.3,17.4,8.49,1075500
2022-07-15,17.7,17.75,17.4,17.45,8.51,1038300
2022-07-14,17.5,17.75,17.45,17.75,8.66,729600
2022-07-13,17.1,17.9,17.1,17.75,8.66,1806500
2022-07-12,16.9,17.3,16.9,17.1,8.34,1242500
2022-07-11,16.5,16.95,16.5,16.75,8.17,1639300
2022-07-08,16.9,16.9,16.5,16.5,8.05,1018600
2022-07-07,16.55,16.75,16.4,16.6,8.1,649300
2022-07-06,16.65,17.0,16.55,16.55,8.07,546200
2022-07-05,17.15,17.3,16.8,17.1,8.34,1226300
2022-07-04,17.1,17.3,16.95,17.05,8.32,674900
2022-07-01,16.65,17.05,16.35,17.05,8.32,1159300
2022-06-30,17.45,17.8,16.8,16.8,8.2,1145700
2022-06-29,16.9,17.7,16.9,17.45,8.51,1006200
2022-06-28,16.7,17.35,16.7,17.3,8.44,1944300
2022-06-27,16.7,16.85,16.5,16.6,8.1,651100
2022-06-24,16.8,17.1,16.35,16.6,8.1,1243500
2022-06-23,16.5,16.8,16.3,16.8,8.2,824200
2022-06-22,16.3,16.8,15.95,16.5,8.05,1135700
2022-06-21,16.15,16.3,15.8,16.1,7.86,838500
2022-06-20,15.8,16.2,15.5,16.15,7.88,2323600
2022-06-17,16.5,16.6,15.8,16.15,7.88,2727700
2022-06-16,17.25,17.4,16.8,16.9,8.25,930900
2022-06-15,17.4,17.6,16.5,17.0,8.29,1959800
2022-06-14,17.1,17.85,17.1,17.45,8.51,1068200
2022-06-13,18.5,18.6,17.6,17.6,8.59,2469100
2022-06-10,19.35,19.45,18.85,18.9,9.22,1105500
2022-06-09,19.6,19.75,19.2,19.55,9.54,689300
2022-06-08,18.9,19.85,18.9,19.6,9.56,1364300
2022-06-07,19.25,19.3,18.2,19.1,9.32,1337800
2022-06-06,19.45,19.6,19.25,19.25,9.39,1168100
2022-06-03,19.75,19.85,19.45,19.5,9.51,840500
2022-06-02,20.0,20.3,19.6,19.7,9.61,1012500
2022-06-01,20.05,20.25,19.9,20.0,9.76,1081000
2022-05-31,20.3,20.3,19.9,19.9,9.71,1250500
2022-05-30,20.5,20.5,20.05,20.35,9.93,1223100
2022-05-27,20.1,20.3,20.0,20.3,9.9,1526900
2022-05-26,20.4,20.5,19.85,20.15,9.83,1448200
2022-05-25,20.4,20.45,19.95,20.4,9.95,1654300
2022-05-24,20.0,20.1,19.3,20.1,9.81,1238400
2022-05-23,20.4,20.5,19.5,20.0,9.76,1227300
2022-05-20,20.15,20.4,19.9,20.3,9.9,1714800
2022-05-19,18.0,20.2,18.0,20.2,9.86,2787500
2022-05-18,18.75,19.5,18.5,18.95,9.25,1637800
2022-05-17,17.2,18.5,17.0,18.5,9.03,1505500
2022-05-16,17.45,18.1,17.2,17.3,8.44,2012500
2022-05-13,18.55,18.55,17.3,17.3,8.44,4026500
2022-05-12,19.9,19.9,18.55,18.55,9.05,2297200
2022-05-11,20.1,20.15,19.6,19.9,9.71,1158900
2022-05-10,19.25,20.15,19.25,19.8,9.66,1508800
2022-05-09,22.0,22.25,20.65,20.65,10.08,2280100
2022-05-06,22.9,23.0,22.2,22.2,10.83,894300
2022-05-05,23.2,23.65,22.2,23.65,11.54,1354400
2022-05-04,23.2,23.35,23.0,23.05,11.25,1213700
2022-04-29,22.5,23.9,22.5,23.9,11.66,3929300
2022-04-28,22.35,23.0,22.2,23.0,11.22,1668800
2022-04-27,22.5,22.9,22.15,22.6,11.03,959800
2022-04-26,22.0,22.9,21.2,22.75,11.1,1541500
2022-04-25,23.9,23.9,22.35,22.35,10.9,2793400
2022-04-22,23.45,24.05,22.85,24.0,11.71,4143400
2022-04-21,23.2,23.5,22.15,23.5,11.47,4753700
2022-04-20,24.15,24.55,23.2,23.2,11.32,2356400
2022-04-19,24.9,25.05,24.0,24.1,11.76,1573100
2022-04-18,25.6,25.7,24.0,24.5,11.95,2393400
2022-04-15,25.65,26.2,25.55,25.6,12.49,1903500
2022-04-14,25.5,26.2,25.4,25.7,12.54,1758300
2022-04-13,25.45,25.45,25.1,25.4,12.39,1468000
2022-04-12,25.8,25.95,25.2,25.2,12.3,1892900
2022-04-08,26.05,26.2,25.6,25.8,12.59,1121000
2022-04-07,26.2,26.7,26.0,26.05,12.71,2733200
2022-04-06,25.8,26.2,25.8,26.1,12.73,1645900
2022-04-05,26.25,26.25,25.8,26.0,12.69,1239000
2022-04-04,26.1,26.3,26.1,26.2,12.78,2744200
2022-04-01,25.3,25.75,25.1,25.7,12.54,1226500
2022-03-31,25.5,25.65,25.3,25.4,12.39,780600
2022-03-30,25.0,25.75,25.0,25.35,12.37,3408200
2022-03-29,25.55,25.85,25.55,25.75,12.56,2330700
2022-03-28,25.95,26.2,25.6,25.7,12.54,2022800
2022-03-25,26.35,26.5,26.1,26.15,12.76,1391100
2022-03-24,26.5,26.55,26.25,26.45,12.9,1893100
2022-03-23,26.6,26.6,26.25,26.3,12.83,1175200
2022-03-22,26.1,26.5,26.05,26.4,12.88,1911900
2022-03-21,26.1,26.15,25.9,26.05,12.71,1270500
2022-03-18,26.15,26.2,25.95,26.1,12.73,1055100
2022-03-17,26.3,26.3,26.05,26.1,12.73,1035000
2022-03-16,25.9,26.2,25.85,26.05,12.71,1191800
2022-03-15,25.7,25.9,25.6,25.75,12.56,856200
2022-03-14,25.85,26.0,25.5,25.6,12.49,1551500
2022-03-11,25.85,26.0,25.7,26.0,12.69,1341100
2022-03-10,26.3,26.3,25.85,25.85,12.61,1314300
2022-03-09,25.9,26.05,25.6,25.75,12.56,1593600
2022-03-08,25.9,26.35,25.9,25.9,12.64,2846800
2022-03-07,26.1,26.2,25.95,26.05,12.71,3113800
2022-03-04,26.2,26.5,26.2,26.45,12.9,1334100
2022-03-03,26.15,26.4,25.9,26.2,12.78,2624800
2022-03-02,26.4,26.5,25.95,26.0,12.69,4398800
2022-03-01,26.55,26.7,26.35,26.5,12.93,2650000
2022-02-28,26.95,26.95,26.55,26.55,12.95,2355500
2022-02-25,26.95,27.45,26.85,26.9,13.12,2209300
2022-02-24,27.45,27.55,26.2,26.85,13.1,4355000
2022-02-23,27.8,27.9,27.35,27.45,13.39,2326100
2022-02-22,27.2,27.9,27.05,27.6,13.47,2376200
2022-02-21,27.25,27.45,26.8,27.4,13.37,3067600
2022-02-18,27.25,27.45,27.1,27.3,13.32,2599200
2022-02-17,27.4,27.5,27.2,27.3,13.32,1685700
2022-02-16,27.5,27.5,27.0,27.25,13.3,2060400
2022-02-15,27.0,27.4,26.8,27.25,13.3,2677600
2022-02-14,28.2,28.45,27.0,27.0,13.17,5215200
2022-02-11,28.4,28.95,28.35,28.6,13.95,3644200
2022-02-10,28.3,28.8,28.2,28.4,13.86,3219600
2022-02-09,29.0,29.1,28.4,28.5,13.91,4359400
2022-02-08,27.8,29.0,27.65,28.8,14.05,8271800
2022-02-07,28.0,28.0,27.5,27.75,13.54,3201000
2022-01-28,27.7,28.15,27.2,27.65,13.49,3382700
2022-01-27,28.2,28.2,27.35,27.5,13.42,3646000
2022-01-26,27.7,28.25,27.5,28.0,13.66,7917300
2022-01-25,26.3,27.2,26.1,27.2,13.27,3849100
2022-01-24,26.7,27.4,26.3,26.4,12.88,3392300
2022-01-21,26.1,27.15,25.85,26.7,13.03,3401600
2022-01-20,25.7,26.15,25.35,26.0,12.69,1209000
2022-01-19,25.9,26.0,25.55,25.55,12.47,923300
2022-01-18,25.5,26.3,25.0,25.55,12.47,2434000
2022-01-17,26.6,26.95,25.5,25.5,12.44,2984000
2022-01-14,26.65,27.0,26.4,26.65,13.0,1791800
2022-01-13,27.4,28.0,26.8,26.9,13.12,4722900
2022-01-12,26.2,27.1,25.6,27.0,13.17,3592800
2022-01-11,26.1,26.75,25.9,26.0,12.69,1957600
2022-01-10,27.0,27.0,26.1,26.1,12.73,3700200
2022-01-07,27.0,27.4,26.8,26.9,13.12,2941100
2022-01-06,27.1,27.5,26.9,27.0,13.17,3919800
2022-01-05,27.95,27.95,27.45,27.5,13.42,3331700
2022-01-04,27.55,28.7,27.3,27.95,13.64,4753300
2021-12-31,26.8,28.0,26.8,27.3,13.32,6445800
2021-12-30,26.75,26.75,26.25,26.6,12.98,1709600
2021-12-29,26.5,27.0,26.3,26.5,12.93,2737600
2021-12-28,26.0,26.4,25.5,26.3,12.83,3195300
2021-12-27,26.1,26.2,25.6,25.85,12.61,1342700
2021-12-24,24.7,26.0,24.7,25.9,12.64,3162900
2021-12-23,25.65,25.7,24.5,24.7,12.05,6443100
2021-12-22,26.25,26.6,25.65,25.65,12.51,4836800
2021-12-21,26.6,26.65,26.15,26.25,12.81,3648400
2021-12-20,26.8,26.9,26.3,26.6,12.98,3388000
2021-12-17,26.95,27.0,26.7,26.8,13.08,2553200
2021-12-16,27.1,27.2,26.55,27.0,13.17,2155400
2021-12-15,26.7,27.35,26.65,26.95,13.15,2785800
2021-12-14,26.9,27.25,26.5,26.6,12.98,3712800
2021-12-13,27.1,27.2,26.85,26.95,13.15,3762500
2021-12-10,27.3,27.75,27.0,27.05,13.2,2640600
2021-12-09,26.9,27.35,26.7,27.35,13.34,1865100
2021-12-08,26.9,27.75,26.45,27.2,13.27,4965600
2021-12-07,26.5,27.0,25.9,26.8,13.08,3406100
2021-12-06,27.1,27.55,25.6,26.0,12.69,8211500
2021-12-03,28.5,28.6,27.5,27.5,13.42,4676000
2021-12-02,28.45,29.2,28.4,28.5,13.91,3353200
2021-12-01,27.8,28.5,27.0,28.45,13.88,6571300
2021-11-30,30.0,30.0,27.5,27.9,13.61,13930900
2021-11-29,29.8,30.05,28.8,29.5,14.39,6668800
2021-11-26,30.3,31.3,29.85,30.4,14.83,8216900
2021-11-25,30.6,31.7,30.15,30.5,14.88,9738900
2021-11-24,28.0,29.95,28.0,29.95,14.61,17815100
2021-11-23,27.8,28.35,27.25,28.0,13.66,8487000
2021-11-22,26.7,28.15,26.7,27.35,13.34,9321400
2021-11-19,26.35,27.3,26.0,26.6,12.98,7826700
2021-11-18,26.35,26.8,26.15,26.3,12.83,4970000
2021-11-17,26.65,26.7,26.3,26.45,12.9,3322900
2021-11-16,26.65,27.2,26.35,26.65,13.0,3422300
2021-11-15,27.3,27.3,26.5,26.6,12.98,5516600
2021-11-12,26.35,27.05,26.3,26.9,13.12,4813400
2021-11-11,27.0,27.3,26.05,26.35,12.86,11191500
2021-11-10,28.0,28.1,27.3,27.3,13.32,8869600
2021-11-09,28.6,28.65,27.95,28.0,13.66,6199700
2021-11-08,28.15,28.75,27.7,28.5,13.91,7541000
2021-11-05,28.5,29.45,28.3,28.5,13.91,6450700
2021-11-04,28.8,28.95,28.4,28.5,13.91,5050900
2021-11-03,27.1,28.8,27.1,28.8,14.05,18373400
2021-11-02,27.0,27.0,26.55,26.95,13.15,4239200
2021-11-01,26.65,27.0,26.0,26.85,13.1,4271400
2021-10-29,27.0,27.1,26.5,26.6,12.98,4241100
2021-10-28,27.4,27.6,26.9,26.9,13.12,5167400
2021-10-27,26.85,27.4,26.0,27.1,13.22,5259600
2021-10-26,26.65,26.9,25.8,26.85,13.1,5886200
2021-10-25,26.8,27.4,26.8,27.0,13.17,5752000
2021-10-22,27.0,27.3,26.85,27.05,13.2,3852500
2021-10-21,27.0,27.7,26.9,27.35,13.34,7914700
2021-10-20,25.45,26.6,25.2,26.6,12.98,8304100
2021-10-19,25.5,25.9,25.3,25.5,12.44,3972000
2021-10-18,26.0,26.2,25.65,25.75,12.56,3167600
2021-10-15,24.8,25.95,24.55,25.7,12.54,9337500
2021-10-14,24.6,24.7,24.0,24.55,11.98,2762200
2021-10-13,25.0,25.0,24.6,24.6,12.0,2381100
2021-10-12,24.95,25.2,24.75,24.8,12.1,4289000
2021-10-11,24.15,24.75,24.15,24.7,12.05,4551400
2021-10-08,23.55,24.2,23.55,24.15,11.78,2863400
2021-10-07,23.55,23.7,23.35,23.6,11.51,1814000
2021-10-06,23.7,23.7,23.35,23.5,11.47,1574200
2021-10-05,22.9,23.75,22.85,23.5,11.47,1822900
2021-10-04,22.8,23.45,22.55,23.1,11.27,2716000
2021-10-01,24.0,24.1,23.0,23.15,11.29,2180900
2021-09-30,24.0,24.5,23.6,23.9,11.66,2307100
2021-09-29,23.9,24.0,23.45,23.8,11.61,1773300
2021-09-28,23.5,23.9,23.05,23.9,11.66,1686700
2021-09-27,24.65,24.8,23.75,23.75,11.59,2144500
2021-09-24,24.4,24.9,24.4,24.65,12.03,5176600
2021-09-23,23.95,24.8,23.5,24.3,11.86,3260700
2021-09-22,24.25,24.45,23.95,24.05,11.73,1981200
2021-09-21,23.5,24.45,23.25,24.35,11.88,5205000
2021-09-20,23.0,24.0,23.0,23.75,11.59,5161000
2021-09-17,22.5,22.9,22.5,22.85,11.15,1396400
2021-09-16,22.4,22.8,22.3,22.4,10.93,661100
2021-09-15,22.2,22.45,22.2,22.25,10.86,1062900
2021-09-14,22.45,22.6,22.35,22.35,10.9,1467500
2021-09-13,22.75,22.8,22.55,22.55,11.0,1223700
2021-09-10,23.0,23.3,22.8,22.8,11.12,1138700
2021-09-09,22.95,23.0,22.65,22.95,11.2,1344600
2021-09-08,23.5,23.5,22.95,22.95,11.2,1091300
2021-09-07,22.8,23.4,22.75,23.3,11.37,2934500
2021-09-06,23.0,23.0,22.45,22.6,11.03,2012600
2021-09-01,22.6,22.7,22.5,22.6,11.03,1050900
2021-08-31,23.2,23.2,22.5,22.65,11.05,1163400
2021-08-30,22.6,23.2,22.25,22.9,11.17,2528000
2021-08-27,22.5,22.5,22.2,22.5,10.98,1492000
2021-08-26,23.1,23.2,22.7,22.7,11.08,1099300
2021-08-25,23.0,23.1,22.75,23.1,11.27,858000
2021-08-24,22.6,22.9,22.25,22.9,11.17,1872200
2021-08-23,23.25,23.5,22.6,22.6,11.03,4397700
2021-08-20,24.7,24.75,23.15,23.8,11.61,4972300
2021-08-19,24.9,24.95,24.7,24.8,12.1,2207700
2021-08-18,24.95,25.1,24.85,25.0,12.2,2030800
2021-08-17,25.5,25.5,24.9,25.0,12.2,3520900
2021-08-16,24.7,25.2,24.4,25.1,12.25,3775100
2021-08-13,24.7,24.75,24.1,24.6,12.0,2642800
2021-08-12,25.0,25.25,24.7,24.7,12.05,2596600
2021-08-11,25.4,25.45,25.15,25.2,12.3,4103400
2021-08-10,25.0,25.3,24.85,25.2,12.3,5958100
2021-08-09,24.5,24.75,24.1,24.7,12.05,3790400
2021-08-06,24.8,24.8,24.5,24.5,11.95,2196800
2021-08-05,24.7,24.75,24.45,24.7,12.05,2547900
2021-08-04,24.7,24.9,24.5,24.65,12.03,2935900
2021-08-03,24.5,25.0,24.35,24.65,12.03,2730700
2021-08-02,24.0,24.8,24.0,24.3,11.86,4012100
2021-07-30,30.2,30.5,29.9,30.0,11.71,5599900
2021-07-29,31.35,31.55,30.2,30.4,11.87,8426200
2021-07-28,28.9,29.5,28.7,29.5,11.51,3836400
2021-07-27,28.65,28.75,28.45,28.6,11.16,2409400
2021-07-26,28.25,28.4,27.7,28.35,11.07,2455300
2021-07-23,28.35,28.6,28.0,28.3,11.05,3123800
2021-07-22,28.45,28.55,28.0,28.55,11.14,4288900
2021-07-21,28.0,28.0,27.4,27.8,10.85,3386000
2021-07-20,26.35,27.5,26.3,27.5,10.73,2475200
2021-07-19,26.65,26.9,26.0,26.45,10.32,4166200
2021-07-16,27.8,28.1,27.4,27.45,10.71,2194500
2021-07-15,26.1,27.4,26.0,27.4,10.69,2072500
2021-07-14,27.5,27.5,25.85,26.2,10.23,4938200
2021-07-13,27.9,28.0,26.95,27.5,10.73,2611200
2021-07-12,29.1,29.25,27.4,27.4,10.69,6316200
2021-07-09,29.8,30.3,29.2,29.45,11.5,3757400
2021-07-08,30.6,30.85,30.0,30.2,11.79,2507300
2021-07-07,30.2,30.65,29.0,30.6,11.94,4632000
2021-07-06,32.2,32.8,29.55,29.55,11.53,7493000
2021-07-05,31.2,31.8,31.05,31.75,12.39,6928400
2021-07-02,31.2,31.5,30.9,31.3,12.22,5499900
2021-07-01,30.8,31.0,30.2,30.9,12.06,3842500
2021-06-30,31.1,31.15,30.6,30.7,11.98,3046000
2021-06-29,31.9,31.9,30.8,31.05,12.12,4436000
2021-06-28,30.5,31.3,30.5,31.2,12.18,5852600
2021-06-25,30.0,30.1,29.8,30.1,11.75,1903100
2021-06-24,30.2,30.4,29.8,30.0,11.71,3796200
2021-06-23,29.9,30.2,29.55,29.75,11.61,2543700
2021-06-22,29.5,29.9,29.05,29.8,11.63,4261300
2021-06-21,29.5,29.9,29.3,29.35,11.46,3511100
2021-06-18,30.7,30.7,29.9,29.95,11.69,3327100
2021-06-17,28.8,30.0,28.8,29.95,11.69,3905100
2021-06-16,30.1,30.1,29.1,29.35,11.46,5633500
2021-06-15,30.85,30.95,30.1,30.1,11.75,4939000
2021-06-14,31.95,31.95,30.6,30.85,12.04,6209800
2021-06-11,30.2,31.9,29.75,31.55,12.31,9748200
2021-06-10,30.0,31.0,29.75,29.85,11.65,4065400
2021-06-09,29.5,31.1,29.0,30.65,11.96,9249700
2021-06-08,31.0,32.0,29.6,29.6,11.55,9945500
2021-06-07,32.0,32.8,30.5,31.75,12.39,9794300
2021-06-04,30.9,32.85,30.85,32.3,12.61,9274600
2021-06-03,29.0,30.8,29.0,30.8,12.02,12317900
2021-06-02,28.4,29.0,28.3,28.8,11.24,6563700
2021-06-01,29.1,29.4,28.9,29.0,11.32,4759200
2021-05-31,28.45,28.85,27.2,28.85,11.26,7093000
2021-05-28,27.5,28.3,27.15,28.2,11.01,7134000
2021-05-27,27.0,28.0,27.0,27.2,10.62,8960900
2021-05-26,26.6,27.2,26.6,27.0,10.54,8073500
2021-05-25,26.1,26.75,25.85,26.5,10.34,6739100
2021-05-24,26.35,26.45,26.05,26.2,10.23,4084100
2021-05-21,26.0,27.0,26.0,26.25,10.25,8395800
2021-05-20,24.7,26.2,24.35,25.9,10.11,11601200
2021-05-19,24.55,24.7,24.2,24.6,9.6,3057200
2021-05-18,24.9,24.95,24.35,24.55,9.58,3424600
2021-05-17,24.15,25.0,24.15,24.8,9.68,5978700
2021-05-14,24.0,24.3,24.0,24.15,9.43,3001800
2021-05-13,24.0,24.35,23.9,24.0,9.37,3822000
2021-05-12,23.85,24.1,23.75,24.1,9.41,2419400
2021-05-11,24.35,24.4,23.9,23.9,9.33,3290000
2021-05-10,23.4,24.3,23.05,24.15,9.43,5194900
2021-05-07,23.5,23.9,23.2,23.4,9.13,4145900
2021-05-06,23.9,24.05,23.6,23.65,9.23,2905700
2021-05-05,23.3,24.15,23.3,23.85,9.31,3138700
2021-05-04,22.9,23.45,22.75,23.25,9.07,2745200
2021-04-29,23.75,23.75,23.45,23.5,9.17,2112700
2021-04-28,22.8,23.75,22.7,23.35,9.11,2861500
2021-04-27,22.6,22.95,22.3,22.8,8.9,1635700
2021-04-26,23.0,23.0,22.5,22.5,8.78,1941000
2021-04-23,22.2,23.0,22.1,23.0,8.98,3546200
2021-04-22,23.55,23.6,22.05,22.05,8.61,3721500
2021-04-20,24.2,24.3,23.6,23.7,9.25,5138300
2021-04-19,24.0,24.3,23.8,24.3,9.48,3059800
2021-04-16,24.7,24.75,23.8,24.0,9.37,5066100
2021-04-15,25.5,25.65,24.9,24.9,9.72,4195500
2021-04-14,25.05,25.45,25.0,25.35,9.89,3874400
2021-04-13,24.85,25.8,24.85,25.05,9.78,9139600
2021-04-12,24.7,24.85,24.55,24.75,9.66,4041300
2021-04-09,24.8,24.9,24.65,24.7,9.64,2413600
2021-04-08,25.0,25.0,24.5,24.75,9.66,3409600
2021-04-07,24.5,24.65,24.3,24.55,9.58,2848300
2021-04-06,24.5,24.85,24.45,24.5,9.56,3630600
2021-04-05,24.9,25.0,24.45,24.6,9.6,3062000
2021-04-02,24.6,24.95,24.6,24.7,9.64,3447300
2021-04-01,24.15,24.55,24.15,24.5,9.56,4940400
2021-03-31,24.2,24.3,24.05,24.15,9.43,2303700
2021-03-30,24.05,24.15,23.85,24.1,9.41,3200900
2021-03-29,23.55,24.1,23.55,23.95,9.35,3597100
2021-03-26,23.5,23.7,22.5,23.55,9.19,6985600
2021-03-25,24.2,24.2,23.55,23.55,9.19,3602200
2021-03-24,24.2,24.6,23.75,23.85,9.31,3882000
2021-03-23,25.0,25.2,24.25,24.6,9.6,4736400
2021-03-22,25.0,25.4,24.9,25.2,9.84,4116600
2021-03-19,24.85,25.1,24.7,24.9,9.72,3745800
2021-03-18,25.0,25.25,24.7,24.8,9.68,4715700
2021-03-17,24.65,24.7,24.25,24.7,9.64,5211500
2021-03-16,24.75,24.75,24.2,24.7,9.64,3542700
2021-03-15,24.9,25.05,24.5,24.8,9.68,6493900
2021-03-12,24.1,24.7,23.9,24.7,9.64,7448700
2021-03-11,24.15,24.4,23.8,24.3,9.48,6384900
2021-03-10,23.5,24.3,23.4,24.15,9.43,8341400
2021-03-09,21.45,22.95,21.2,22.95,8.96,15494500
2021-03-08,21.4,21.5,21.25,21.45,8.37,4842400
2021-03-05,20.5,21.15,20.5,21.15,8.26,3108500
2021-03-04,21.0,21.05,20.6,20.65,8.06,2509400
2021-03-03,21.15,21.15,20.9,21.0,8.2,2344300
2021-03-02,21.45,21.45,21.0,21.1,8.24,3241400
2021-03-01,21.05,21.5,20.9,21.3,8.31,3508600
2021-02-26,20.45,20.9,20.45,20.9,8.16,2371800
2021-02-25,21.0,21.1,20.8,20.9,8.16,2291600
2021-02-24,21.45,21.5,20.7,20.9,8.16,3060000
2021-02-23,21.4,21.55,21.25,21.45,8.37,2263100
2021-02-22,21.1,21.8,21.1,21.35,8.33,5151400
2021-02-19,21.0,21.25,20.85,21.05,8.22,2430800
2021-02-18,21.2,21.25,21.0,21.0,8.2,2655700
2021-02-17,21.4,21.45,21.0,21.1,8.24,2533500
2021-02-09,20.9,20.9,19.9,20.9,8.16,2879100
2021-02-08,20.0,21.0,19.7,20.0,7.81,3452100
2021-02-05,21.1,21.4,20.85,20.85,8.14,3432700
2021-02-04,21.5,21.5,20.85,21.0,8.2,4028300
2021-02-03,20.6,21.4,20.4,21.4,8.35,5828400
2021-02-02,20.0,20.35,19.6,20.35,7.94,4126000
2021-02-01,20.8,20.8,19.6,19.7,7.69,6397000
2021-01-29,19.6,19.6,18.6,19.6,7.65,6203000
2021-01-28,18.35,20.9,18.35,18.35,7.16,7273800
